{
    "blend": {
        "func": "add",
        "srcrgb": "srcalpha",
        "dstrgb": "1-srcalpha"
    },
    "vertex": "gbuffers_textured",
    "fragment": "gbuffers_textured",
    "attributes": [
        "Position",
        "Color",
        "UV0",
        "UV2",
        "Normal"
    ],
    "samplers": [
        { "name": "gtexture" },
        { "name": "texture" },
        { "name": "tex" },
        { "name": "lightmap" },
        { "name": "normals" },
        { "name": "specular" },
        { "name": "shadow" },
        { "name": "watershadow" },
        { "name": "shadowtex0" },
        { "name": "shadowtex1" },
        { "name": "depthtex0" },
        { "name": "depthtex1" },
        { "name": "noisetex" },
        { "name": "colortex0" },
        { "name": "colortex1" },
        { "name": "colortex2" },
        { "name": "colortex3" },
        { "name": "gaux1" },
        { "name": "colortex4" },
        { "name": "gaux2" },
        { "name": "colortex5" },
        { "name": "gaux3" },
        { "name": "colortex6" },
        { "name": "gaux4" },
        { "name": "colortex7" },
        { "name": "colortex8" },
        { "name": "colortex9" },
        { "name": "colortex10" },
        { "name": "colortex11" },
        { "name": "colortex12" },
        { "name": "colortex13" },
        { "name": "colortex14" },
        { "name": "colortex15" },
        { "name": "shadowcolor" },
        { "name": "shadowcolor0" },
        { "name": "shadowcolor1" }
    ],
    "uniforms": [
        { "name": "iris_TextureMat", "type": "matrix4x4", "count": 16, "values": [ 1.0, 0.0, 0.0, 0.0, 0.0, 1.0, 0.0, 0.0, 0.0, 0.0, 1.0, 0.0, 0.0, 0.0, 0.0, 1.0 ] },
        { "name": "iris_ModelViewMat", "type": "matrix4x4", "count": 16, "values": [ 1.0, 0.0, 0.0, 0.0, 0.0, 1.0, 0.0, 0.0, 0.0, 0.0, 1.0, 0.0, 0.0, 0.0, 0.0, 1.0 ] },
        { "name": "iris_ProjMat", "type": "matrix4x4", "count": 16, "values": [ 1.0, 0.0, 0.0, 0.0, 0.0, 1.0, 0.0, 0.0, 0.0, 0.0, 1.0, 0.0, 0.0, 0.0, 0.0, 1.0 ] },
        { "name": "iris_ChunkOffset", "type": "float", "count": 3, "values": [ 0.0, 0.0, 0.0 ] },
        { "name": "iris_ColorModulator", "type": "float", "count": 4, "values": [ 1.0, 1.0, 1.0, 1.0 ] },
        { "name": "iris_FogStart", "type": "float", "count": 1, "values": [ 0.0 ] },
        { "name": "iris_FogEnd", "type": "float", "count": 1, "values": [ 1.0 ] },
        { "name": "iris_LineWidth", "type": "float", "count": 1, "values": [ 1.0 ] },
        { "name": "iris_ScreenSize", "type": "float", "count": 2, "values": [ 1.0, 1.0 ] },
        { "name": "iris_FogColor", "type": "float", "count": 4, "values": [ 0.0, 0.0, 0.0, 0.0 ] }
    ]
}